<?xml version="1.0" encoding="UTF-8"?>
<project-private xmlns="http://www.netbeans.org/ns/project-private/1">
    <editor-bookmarks xmlns="http://www.netbeans.org/ns/editor-bookmarks/2" lastBookmarkId="1">
        <file>
            <url>src/data/studentquery.java</url>
            <bookmark id="1">
                <name/>
                <line>89</line>
                <key/>
            </bookmark>
        </file>
    </editor-bookmarks>
    <open-files xmlns="http://www.netbeans.org/ns/projectui-open-files/2">
        <group>
            <file>file:/C:/Users/user/OneDrive/Documents/NetBeansProjects/VirtualClassroom/src/verify_faculty.java</file>
            <file>file:/C:/Users/user/OneDrive/Documents/NetBeansProjects/VirtualClassroom/src/model/Student.java</file>
            <file>file:/C:/Users/user/OneDrive/Documents/NetBeansProjects/VirtualClassroom/src/data/table.java</file>
            <file>file:/C:/Users/user/OneDrive/Documents/NetBeansProjects/VirtualClassroom/src/verify_student.java</file>
            <file>file:/C:/Users/user/OneDrive/Documents/NetBeansProjects/VirtualClassroom/src/firstpage.java</file>
            <file>file:/C:/Users/user/OneDrive/Documents/NetBeansProjects/VirtualClassroom/src/data/addnewstudent.java</file>
            <file>file:/C:/Users/user/OneDrive/Documents/NetBeansProjects/VirtualClassroom/src/load_data_stu.java</file>
            <file>file:/C:/Users/user/OneDrive/Documents/NetBeansProjects/VirtualClassroom/src/data/category.java</file>
            <file>file:/C:/Users/user/OneDrive/Documents/NetBeansProjects/VirtualClassroom/src/login.java</file>
            <file>file:/C:/Users/user/OneDrive/Documents/NetBeansProjects/VirtualClassroom/src/Viewdetails.java</file>
            <file>file:/C:/Users/user/OneDrive/Documents/NetBeansProjects/VirtualClassroom/src/model/subjects.java</file>
            <file>file:/C:/Users/user/OneDrive/Documents/NetBeansProjects/VirtualClassroom/src/managesubjects.java</file>
            <file>file:/C:/Users/user/OneDrive/Documents/NetBeansProjects/VirtualClassroom/src/data/DbOperations.java</file>
            <file>file:/C:/Users/user/OneDrive/Documents/NetBeansProjects/VirtualClassroom/src/data/query.java</file>
            <file>file:/C:/Users/user/OneDrive/Documents/NetBeansProjects/VirtualClassroom/src/load_fac_data.java</file>
            <file>file:/C:/Users/user/OneDrive/Documents/NetBeansProjects/VirtualClassroom/src/model/fac.java</file>
            <file>file:/C:/Users/user/OneDrive/Documents/NetBeansProjects/VirtualClassroom/src/upload_data.java</file>
            <file>file:/C:/Users/user/OneDrive/Documents/NetBeansProjects/VirtualClassroom/src/Home.java</file>
            <file>file:/C:/Users/user/OneDrive/Documents/NetBeansProjects/VirtualClassroom/src/model/newstudent.java</file>
            <file>file:/C:/Users/user/OneDrive/Documents/NetBeansProjects/VirtualClassroom/src/Main_Page.java</file>
            <file>file:/C:/Users/user/OneDrive/Documents/NetBeansProjects/VirtualClassroom/src/data/studentquery.java</file>
            <file>file:/C:/Users/user/OneDrive/Documents/NetBeansProjects/VirtualClassroom/src/data/connection.java</file>
            <file>file:/C:/Users/user/OneDrive/Documents/NetBeansProjects/VirtualClassroom/src/faculty.java</file>
            <file>file:/C:/Users/user/OneDrive/Documents/NetBeansProjects/VirtualClassroom/src/details.java</file>
            <file>file:/C:/Users/user/OneDrive/Documents/NetBeansProjects/VirtualClassroom/src/update_stu_csv.java</file>
            <file>file:/C:/Users/user/OneDrive/Documents/NetBeansProjects/VirtualClassroom/src/data/operation.java</file>
            <file>file:/C:/Users/user/OneDrive/Documents/NetBeansProjects/VirtualClassroom/src/facsignup.java</file>
            <file>file:/C:/Users/user/OneDrive/Documents/NetBeansProjects/VirtualClassroom/src/update_fac_csv.java</file>
            <file>file:/C:/Users/user/OneDrive/Documents/NetBeansProjects/VirtualClassroom/src/newStudent.java</file>
        </group>
    </open-files>
</project-private>
